{
	"inspections": {
		"_id": {
			"type": "Object",
			"structure": {
				"_bsontype": {
					"type": "string",
					"required": true
				},
				"id": {
					"type": "Uint8Array",
					"required": true
				},
				"toHexString": {
					"type": "function",
					"required": true
				},
				"get_inc": {
					"type": "function",
					"required": true
				},
				"getInc": {
					"type": "function",
					"required": true
				},
				"generate": {
					"type": "function",
					"required": true
				},
				"toJSON": {
					"type": "function",
					"required": true
				},
				"equals": {
					"type": "function",
					"required": true
				},
				"getTimestamp": {
					"type": "function",
					"required": true
				},
				"generationTime": {
					"type": "number",
					"required": true
				}
			},
			"required": true
		},
		"id": {
			"type": "string",
			"required": true
		},
		"certificate_number": {
			"type": "number",
			"required": true
		},
		"business_name": {
			"type": "string",
			"required": true
		},
		"date": {
			"type": "string",
			"required": true
		},
		"result": {
			"type": "string",
			"required": true
		},
		"sector": {
			"type": "string",
			"required": true
		},
		"address": {
			"type": "Object",
			"structure": {
				"number": {
					"type": "number",
					"required": true
				},
				"street": {
					"type": "string",
					"required": true
				},
				"city": {
					"type": "string",
					"required": true
				},
				"zip": {
					"type": "number",
					"required": true
				}
			},
			"required": true
		},
		"Comments": {
			"type": "string",
			"required": true
		}
	}
}